{
    "total_runtime": 249.66797852516174,
    "num_documents": 1,
    "input_load_time": 0,
    "workflows": {
        "create_base_text_units": {
            "overall": 0.28496265411376953,
            "0_orderby": 0.003080129623413086,
            "1_zip": 0.00373077392578125,
            "2_aggregate_override": 0.006089448928833008,
            "3_chunk": 0.22215700149536133,
            "4_select": 0.004415988922119141,
            "5_unroll": 0.0060956478118896484,
            "6_rename": 0.0046346187591552734,
            "7_genid": 0.005249500274658203,
            "8_unzip": 0.005846500396728516,
            "9_copy": 0.00503849983215332,
            "10_filter": 0.015916824340820312
        },
        "create_base_extracted_entities": {
            "overall": 104.23910975456238,
            "0_entity_extract": 104.22001361846924,
            "1_merge_graphs": 0.013206958770751953
        },
        "create_summarized_entities": {
            "overall": 82.3943727016449,
            "0_summarize_descriptions": 82.38803958892822
        },
        "create_base_entity_graph": {
            "overall": 0.031229734420776367,
            "0_cluster_graph": 0.017014503479003906,
            "1_select": 0.00746917724609375
        },
        "create_final_entities": {
            "overall": 0.6406464576721191,
            "0_unpack_graph": 0.009670257568359375,
            "1_rename": 0.00812077522277832,
            "2_select": 0.009329795837402344,
            "3_dedupe": 0.009132146835327148,
            "4_rename": 0.008846282958984375,
            "5_filter": 0.021303176879882812,
            "6_text_split": 0.009735107421875,
            "7_drop": 0.009692668914794922,
            "8_merge": 0.013558387756347656,
            "9_text_embed": 0.49732303619384766,
            "10_drop": 0.010358333587646484,
            "11_filter": 0.024763822555541992
        },
        "create_final_nodes": {
            "overall": 0.19525527954101562,
            "0_layout_graph": 0.017372846603393555,
            "1_unpack_graph": 0.013385772705078125,
            "2_unpack_graph": 0.014765739440917969,
            "3_drop": 0.012451171875,
            "4_filter": 0.028495073318481445,
            "5_select": 0.012945175170898438,
            "6_rename": 0.012607336044311523,
            "7_convert": 0.040702104568481445,
            "8_join": 0.018767595291137695,
            "9_rename": 0.013261079788208008
        },
        "create_final_communities": {
            "overall": 0.3222346305847168,
            "0_unpack_graph": 0.030649423599243164,
            "1_unpack_graph": 0.01757955551147461,
            "2_aggregate_override": 0.017508745193481445,
            "3_join": 0.02096867561340332,
            "4_join": 0.02098226547241211,
            "5_concat": 0.015165090560913086,
            "6_filter": 0.03493189811706543,
            "7_aggregate_override": 0.018518924713134766,
            "8_join": 0.021501541137695312,
            "9_filter": 0.03757357597351074,
            "10_fill": 0.01616191864013672,
            "11_merge": 0.019782066345214844,
            "12_copy": 0.018800973892211914,
            "13_select": 0.018515586853027344
        },
        "join_text_units_to_entity_ids": {
            "overall": 0.07948923110961914,
            "0_select": 0.019032001495361328,
            "1_unroll": 0.02035355567932129,
            "2_aggregate_override": 0.02173757553100586
        },
        "create_final_relationships": {
            "overall": 0.2996652126312256,
            "0_unpack_graph": 0.032743215560913086,
            "1_filter": 0.0486454963684082,
            "2_rename": 0.018500328063964844,
            "3_filter": 0.04528355598449707,
            "4_drop": 0.020585298538208008,
            "5_compute_edge_combined_degree": 0.025601863861083984,
            "6_convert": 0.06732654571533203,
            "7_convert": 0.020946264266967773
        },
        "join_text_units_to_relationship_ids": {
            "overall": 0.10803914070129395,
            "0_select": 0.020779848098754883,
            "1_unroll": 0.02210259437561035,
            "2_aggregate_override": 0.02342367172241211,
            "3_select": 0.02158045768737793
        },
        "create_final_community_reports": {
            "overall": 57.32152509689331,
            "0_prepare_community_reports_nodes": 0.022919416427612305,
            "1_prepare_community_reports_edges": 0.023639202117919922,
            "2_restore_community_hierarchy": 0.026787996292114258,
            "3_prepare_community_reports": 0.05135488510131836,
            "4_create_community_reports": 57.15185546875,
            "5_window": 0.023538827896118164
        },
        "create_final_text_units": {
            "overall": 0.20969796180725098,
            "0_select": 0.031101226806640625,
            "1_rename": 0.029576778411865234,
            "2_join": 0.03329157829284668,
            "3_join": 0.03351187705993652,
            "4_aggregate_override": 0.03044915199279785,
            "5_select": 0.02647256851196289
        },
        "create_base_documents": {
            "overall": 0.2865626811981201,
            "0_unroll": 0.02763199806213379,
            "1_select": 0.02662038803100586,
            "2_rename": 0.028851985931396484,
            "3_join": 0.031152963638305664,
            "4_aggregate_override": 0.028825759887695312,
            "5_join": 0.032557010650634766,
            "6_rename": 0.027866840362548828,
            "7_convert": 0.05659341812133789
        },
        "create_final_documents": {
            "overall": 0.06069493293762207,
            "0_rename": 0.03075122833251953
        }
    }
}